Sandalet,88,Fëmijë|Për Vajza|Sandale për Vajza|
Babet & Günlük,64,Femër|Këpucë për Femra|Balerina|
Spor Ayakkabı,65,Femër|Këpucë për Femra|Sport|
Günlük Ayakkabı,71,Mashkull|Këpucë Meshkujsh|Këpucë per Meshkuj|
Spor Ayakkabı,89,Fëmijë|Për Vajza|Sport për Vajza|
Spor Ayakkabı,81,Fëmijë|Për Djem|Sport për Djem|
Sandalet,80,Fëmijë|Për Djem|Sandale për Djem|
Bot,60,Femër|Këpucë për Femra|Çizme të Shkurtra|
Klasik Topuk,62,Femër|Këpucë për Femra|Këpucë me taka të larta|
Sandalet,66,Femër|Këpucë për Femra|Sandale|
Anne Klasik,67,Femër|Këpucë për Femra|Balerina|
Bot & Çizme,87,Fëmijë|Për Vajza|Çizme për vajza|
Bot & Çizme,79,Fëmijë|Për Djem|Çizme për djem|
Bot & Çizme,70,Mashkull|Këpucë Meshkujsh|Çizme|
Krampon,73,Mashkull|Këpucë Meshkujsh|Atlete për futboll|
Halısaha,74,Mashkull|Këpucë Meshkujsh|Atlete për futboll|
Krampon,84,Fëmijë|Për Djem|Atlete futbolli për djem|
Halısaha,83,Fëmijë|Për Djem|Atlete futbolli për djem|
Panduf,101,Femër|Këpucë për Femra|Këpucë shtëpie|
Bayan Kol Saati,103,Femër|Aksesorë|Orë për Femra|
Erkek Kol Saati,108,Mashkull|Aksesorë|Orë për Meshkuj|
Bayan Kombin,113,Femër|Aksesorë|Set Aksesorë|
Erkek Kemer,122,Mashkull|Aksesorë për Meshkuj|Rrip|
Erkek Kombin,112,Mashkull|Aksesorë për Meshkuj|Set Aksesorë|
Spor & Seyahat,185,Femër|Aksesorë|Çanta & Portofole|Çantë Sportive|
Terlik,230,Mashkull|Këpucë Meshkujsh|Pantofla për meshkuj|
Bayan Eldiven,149,Femër|Aksesorë|Doreza|
Babet & Günlük,90,Fëmijë|Për Vajza|Balerina për vajza|
Terlik,229,Femër|Këpucë për Femra|Pantofla|
Çiftlere Özel Saatler,111,Femër|Aksesorë|Set Aksesorë|
Spor Ayakkabı,75,Mashkull|Këpucë Meshkujsh|Atlete sport per meshkuj|
Sandalet,76,Mashkull|Këpucë Meshkujsh|Sandale për meshkuj|
Unisex Kol Saati,121,Femër|Aksesorë|Orë për Femra|
Klasik Ayakkabı,72,Mashkull|Këpucë Meshkujsh|Këpucë per Meshkuj|
Platform Topuk,198,Femër|Këpucë për Femra|Platformë|
Stiletto,206,Femër|Këpucë për Femra|Këpucë me taka të larta|
Dolgu Topuk,166,Femër|Këpucë për Femra|Këpucë me taka të larta|
Sırt Çantası,170,Femër|Aksesorë|Çanta & Portofole|Çantë Shpine|
Omuz Çantası,312,Femër|Aksesorë|Çanta & Portofole|Çantë|
Bayan Cüzdan,127,Femër|Aksesorë|Çanta & Portofole|Portofole|
Tişört,252,Mashkull|Veshje Meshkujsh|Bluzë me Mënge të Shkurtra për Meshkuj|
Gömlek,253,Mashkull|Veshje Meshkujsh|Këmishë për Meshkuj|
Eşofman Alt,250,Mashkull|Veshje Meshkujsh|Trenjerka Meshkujsh|
Terlik,232,Fëmijë|Për Vajza|Sandale për vajza|
El Çantası,137,Femër|Aksesorë|Çanta & Portofole|Çantë|
Erkek Güneş Gözlüğü,193,Mashkull|Aksesorë për Meshkuj|Syze për meshkuj|
Kadın Güneş Gözlüğü,194,Femër|Aksesorë|Syze|
Günlük Ayakkabı,210,Fëmijë|Për Djem|Këpucë për djem|
Deniz Ayakkabısı,204,Fëmijë|Për Djem|Sandale për djem|
Deniz Ayakkabısı,205,Fëmijë|Për Vajza|Sandale për vajza|
Deniz Ayakkabısı,202,Femër|Këpucë për Femra|Sandale|
Deniz Ayakkabısı,203,Mashkull|Këpucë Meshkujsh|Sandale për meshkuj|
Sırt Çantası,208,Fëmijë|Për Vajza|
Sırt Çantası,142,Mashkull|Aksesorë për Meshkuj|Çantë për meshkuj|
Ayakkabı Çantası,141,Mashkull|Aksesorë për Meshkuj|Çantë për meshkuj|
Erkek Cüzdan,126,Mashkull|Aksesorë për Meshkuj|Portofole për meshkuj|
Laptop Çantası,213,Mashkull|Aksesorë për Meshkuj|Çantë për meshkuj|
Çizme,120,Femër|Këpucë për Femra|Çizme|
